Series Name,Series Code,Country Name,Country Code,1990 [YR1990],2000 [YR2000],2015 [YR2015],2016 [YR2016],2017 [YR2017],2018 [YR2018],2019 [YR2019],2020 [YR2020],2021 [YR2021],2022 [YR2022],2023 [YR2023],2024 [YR2024]
Government Effectiveness: Percentile Rank,GE.PER.RNK,Afghanistan,AFG,..,0,6.66666650772095,7.61904764175415,7.14285707473755,7.14285707473755,6.66666650772095,5.2380952835083,5.2380952835083,1.88679242134094,1.41509437561035,..
Government Effectiveness: Percentile Rank,GE.PER.RNK,Albania,ALB,..,19.6721305847168,54.2857131958008,55.238094329834,57.6190490722656,55.238094329834,49.0476188659668,48.0952377319336,50.9523811340332,56.1320762634277,60.3773574829102,..
Government Effectiveness: Percentile Rank,GE.PER.RNK,Algeria,DZA,..,15.8469944000244,36.6666679382324,35.238094329834,31.4285717010498,35.238094329834,32.8571434020996,31.9047622680664,28.5714282989502,32.5471687316895,27.3584899902344,..
Government Effectiveness: Percentile Rank,GE.PER.RNK,American Samoa,ASM,..,..,68.5714263916016,69.523811340332,70.476188659668,69.523811340332,70,72.8571395874023,72.3809509277344,74.5283050537109,73.1132049560547,..
Government Effectiveness: Percentile Rank,GE.PER.RNK,Andorra,AND,..,87.978141784668,95.7142868041992,96.6666641235352,98.0952377319336,98.5714263916016,98.0952377319336,95.7142868041992,97.1428604125977,92.4528274536133,91.0377349853516,..
Government Effectiveness: Percentile Rank,GE.PER.RNK,Angola,AGO,..,12.021858215332,18.0952377319336,15.2380952835083,17.1428565979004,14.7619047164917,11.9047622680664,9.5238094329834,12.380952835083,14.1509437561035,14.6226415634155,..
Government Effectiveness: Percentile Rank,GE.PER.RNK,Antigua and Barbuda,ATG,..,73.7704925537109,61.9047622680664,63.3333320617676,51.9047622680664,50.476188659668,49.523811340332,44.2857131958008,44.2857131958008,46.2264137268066,63.6792449951172,..
Government Effectiveness: Percentile Rank,GE.PER.RNK,Argentina,ARG,..,54.6448097229004,50.9523811340332,63.8095245361328,58.5714302062988,52.8571434020996,48.0952377319336,43.3333320617676,37.1428565979004,41.5094337463379,36.3207550048828,..
Government Effectiveness: Percentile Rank,GE.PER.RNK,Armenia,ARM,..,34.4262313842773,41.9047622680664,40,42.3809509277344,47.1428565979004,42.3809509277344,39.523811340332,40,39.6226425170898,43.8679237365723,..
Government Effectiveness: Percentile Rank,GE.PER.RNK,Aruba,ABW,..,..,75.7142868041992,76.6666641235352,78.0952377319336,80,80,83.8095245361328,82.8571395874023,82.0754699707031,78.301887512207,..
Government Effectiveness: Percentile Rank,GE.PER.RNK,Australia,AUS,..,92.349723815918,91.9047622680664,91.4285736083984,91.4285736083984,92.3809509277344,92.3809509277344,92.8571395874023,92.8571395874023,92.9245300292969,93.8679275512695,..
Government Effectiveness: Percentile Rank,GE.PER.RNK,Austria,AUT,..,94.5355224609375,89.0476226806641,90.9523773193359,90.9523773193359,90.9523773193359,91.4285736083984,93.8095245361328,93.8095245361328,91.5094375610352,89.6226425170898,..
Government Effectiveness: Percentile Rank,GE.PER.RNK,Azerbaijan,AZE,..,18.032787322998,44.761905670166,46.6666679382324,47.1428565979004,47.6190490722656,46.1904754638672,47.6190490722656,58.5714302062988,50.9433975219727,50.4716987609863,..
Government Effectiveness: Percentile Rank,GE.PER.RNK,"Bahamas, The",BHS,..,86.3387985229492,72.8571395874023,72.8571395874023,71.4285736083984,70,67.6190490722656,67.6190490722656,67.1428604125977,65.0943374633789,61.7924537658691,..
Government Effectiveness: Percentile Rank,GE.PER.RNK,Bahrain,BHR,..,68.8524627685547,71.4285736083984,65.2380981445312,59.0476188659668,58.0952377319336,62.3809509277344,66.6666641235352,73.3333358764648,72.1698150634766,74.5283050537109,..
Government Effectiveness: Percentile Rank,GE.PER.RNK,Bangladesh,BGD,..,31.6939888000488,23.8095245361328,26.1904754638672,22.380952835083,22.380952835083,24.761905670166,20.9523811340332,28.0952377319336,24.056604385376,26.8867931365967,..
Government Effectiveness: Percentile Rank,GE.PER.RNK,Barbados,BRB,..,87.978141784668,80,80.9523773193359,76.1904754638672,67.1428604125977,72.3809509277344,68.5714263916016,69.0476226806641,65.5660400390625,64.1509399414062,..
Government Effectiveness: Percentile Rank,GE.PER.RNK,Belarus,BLR,..,25.6830596923828,34.761905670166,33.8095245361328,39.0476188659668,41.9047622680664,44.761905670166,18.5714282989502,20.4761905670166,20.7547168731689,15.0943393707275,..
Government Effectiveness: Percentile Rank,GE.PER.RNK,Belgium,BEL,..,90.7103805541992,91.4285736083984,89.523811340332,85.7142868041992,86.1904754638672,82.8571395874023,84.2857131958008,83.3333358764648,84.9056625366211,80.6603775024414,..
Government Effectiveness: Percentile Rank,GE.PER.RNK,Belize,BLZ,..,65.0273208618164,30.4761905670166,30,27.1428565979004,30.4761905670166,29.0476188659668,30,32.8571434020996,36.3207550048828,36.7924537658691,..
Government Effectiveness: Percentile Rank,GE.PER.RNK,Benin,BEN,..,42.0765037536621,28.5714282989502,30.9523811340332,24.761905670166,30,35.238094329834,40.9523811340332,42.8571434020996,44.8113212585449,42.4528312683105,..
Government Effectiveness: Percentile Rank,GE.PER.RNK,Bermuda,BMU,..,85.2459030151367,79.0476226806641,86.6666641235352,87.6190490722656,87.6190490722656,87.1428604125977,90.476188659668,92.3809509277344,84.4339599609375,87.2641525268555,..
Government Effectiveness: Percentile Rank,GE.PER.RNK,Bhutan,BTN,..,73.7704925537109,67.6190490722656,70.476188659668,72.8571395874023,64.7619018554688,62.8571434020996,62.3809509277344,74.2857131958008,69.8113174438477,69.3396224975586,..
Government Effectiveness: Percentile Rank,GE.PER.RNK,Bolivia,BOL,..,46.4480857849121,29.0476188659668,32.3809509277344,36.1904754638672,39.523811340332,21.9047622680664,24.761905670166,24.2857151031494,31.6037731170654,29.2452831268311,..
Government Effectiveness: Percentile Rank,GE.PER.RNK,Bosnia and Herzegovina,BIH,..,13.1147537231445,30.9523811340332,35.7142868041992,32.8571434020996,26.1904754638672,27.1428565979004,12.380952835083,12.8571424484253,12.7358493804932,15.5660381317139,..
Government Effectiveness: Percentile Rank,GE.PER.RNK,Botswana,BWA,..,67.2131118774414,69.0476226806641,70,65.2380981445312,62.3809509277344,66.6666641235352,58.5714302062988,63.3333320617676,66.5094375610352,66.9811325073242,..
Government Effectiveness: Percentile Rank,GE.PER.RNK,Brazil,BRA,..,59.0163917541504,45.238094329834,43.3333320617676,40,33.3333320617676,41.9047622680664,34.761905670166,33.8095245361328,31.1320762634277,32.0754699707031,..
Government Effectiveness: Percentile Rank,GE.PER.RNK,British Virgin Islands,VGB,..,..,..,..,..,..,..,..,..,..,..,..
Government Effectiveness: Percentile Rank,GE.PER.RNK,Brunei Darussalam,BRN,..,78.1420745849609,81.4285736083984,81.4285736083984,83.3333358764648,85.7142868041992,86.1904754638672,89.523811340332,90.476188659668,91.0377349853516,90.0943374633789,..
Government Effectiveness: Percentile Rank,GE.PER.RNK,Bulgaria,BGR,..,58.4699440002441,52.3809509277344,56.1904754638672,57.1428565979004,57.1428565979004,60,43.8095245361328,45.238094329834,42.4528312683105,53.301887512207,..
Government Effectiveness: Percentile Rank,GE.PER.RNK,Burkina Faso,BFA,..,24.0437164306641,27.619047164917,29.5238094329834,29.0476188659668,29.5238094329834,22.380952835083,26.1904754638672,23.8095245361328,20.2830181121826,21.2264156341553,..
Government Effectiveness: Percentile Rank,GE.PER.RNK,Burundi,BDI,..,4.37158489227295,9.5238094329834,6.66666650772095,7.61904764175415,7.61904764175415,8.09523773193359,9.0476188659668,8.5714282989502,10.3773584365845,11.3207550048828,..
Government Effectiveness: Percentile Rank,GE.PER.RNK,Cabo Verde,CPV,..,..,60.9523811340332,57.6190490722656,59.523811340332,66.1904754638672,64.2857131958008,60.476188659668,52.3809509277344,53.301887512207,52.3584899902344,..
Government Effectiveness: Percentile Rank,GE.PER.RNK,Cambodia,KHM,..,20.7650279998779,24.761905670166,23.3333339691162,25.7142848968506,32.3809509277344,30,35.238094329834,34.2857131958008,36.7924537658691,38.2075462341309,..
Government Effectiveness: Percentile Rank,GE.PER.RNK,Cameroon,CMR,..,22.9508190155029,20.4761905670166,20.9523811340332,19.0476188659668,18.0952377319336,17.1428565979004,17.1428565979004,16.1904754638672,18.8679237365723,17.4528293609619,..
Government Effectiveness: Percentile Rank,GE.PER.RNK,Canada,CAN,..,95.0819702148438,94.7619018554688,94.7619018554688,96.6666641235352,94.7619018554688,95.7142868041992,93.3333358764648,94.2857131958008,94.3396224975586,91.9811325073242,..
Government Effectiveness: Percentile Rank,GE.PER.RNK,Cayman Islands,CYM,..,96.1748657226562,83.8095245361328,84.2857131958008,84.2857131958008,84.2857131958008,83.8095245361328,83.8095245361328,86.1904754638672,87.7358474731445,88.2075500488281,..
Government Effectiveness: Percentile Rank,GE.PER.RNK,Central African Republic,CAF,..,4.37158489227295,1.42857146263123,2.38095235824585,3.33333325386047,2.38095235824585,2.38095235824585,3.80952382087708,4.7619047164917,4.24528312683105,4.24528312683105,..
Government Effectiveness: Percentile Rank,GE.PER.RNK,Chad,TCD,..,30.0546455383301,6.1904764175415,6.1904764175415,5.7142858505249,6.1904764175415,5.7142858505249,6.1904764175415,6.66666650772095,8.49056625366211,7.54716968536377,..
Government Effectiveness: Percentile Rank,GE.PER.RNK,Channel Islands,CHI,..,..,..,..,..,..,..,..,..,..,..,..
Government Effectiveness: Percentile Rank,GE.PER.RNK,Chile,CHL,..,82.5136642456055,76.6666641235352,76.1904754638672,76.6666641235352,77.6190490722656,77.6190490722656,74.2857131958008,70,69.3396224975586,75.9433975219727,..
Government Effectiveness: Percentile Rank,GE.PER.RNK,China,CHN,..,50.8196716308594,67.1428604125977,66.6666641235352,67.6190490722656,68.5714263916016,70.9523773193359,73.3333358764648,75.7142868041992,68.3962249755859,73.5849075317383,..
Government Effectiveness: Percentile Rank,GE.PER.RNK,Colombia,COL,..,40.4371566772461,50,51.4285697937012,48.0952377319336,48.0952377319336,53.8095245361328,52.3809509277344,50.476188659668,52.8301887512207,48.113208770752,..
Government Effectiveness: Percentile Rank,GE.PER.RNK,Comoros,COM,..,9.28961753845215,4.2857141494751,4.2857141494751,4.2857141494751,2.85714292526245,3.33333325386047,4.7619047164917,2.38095235824585,6.13207530975342,6.60377359390259,..
Government Effectiveness: Percentile Rank,GE.PER.RNK,"Congo, Dem. Rep.",COD,..,2.7322404384613,3.80952382087708,5.2380952835083,4.7619047164917,5.7142858505249,5.2380952835083,3.33333325386047,3.33333325386047,3.30188679695129,4.71698093414307,..
Government Effectiveness: Percentile Rank,GE.PER.RNK,"Congo, Rep.",COG,..,10.382513999939,13.3333330154419,10.9523811340332,9.0476188659668,10,11.4285717010498,10,9.5238094329834,8.96226406097412,9.43396186828613,..
Government Effectiveness: Percentile Rank,GE.PER.RNK,Costa Rica,CRI,..,61.7486343383789,66.1904754638672,65.7142868041992,61.4285697937012,66.6666641235352,66.1904754638672,60,59.523811340332,55.1886787414551,60.8490562438965,..
Government Effectiveness: Percentile Rank,GE.PER.RNK,Cote d'Ivoire,CIV,..,16.3934421539307,24.2857151031494,24.761905670166,20.4761905670166,28.5714282989502,33.3333320617676,33.3333320617676,32.3809509277344,37.7358474731445,37.2641525268555,..
Government Effectiveness: Percentile Rank,GE.PER.RNK,Croatia,HRV,..,63.9344253540039,70,68.0952377319336,70.9523773193359,70.9523773193359,69.0476226806641,68.0952377319336,69.523811340332,70.2830200195312,75.4716949462891,..
Government Effectiveness: Percentile Rank,GE.PER.RNK,Cuba,CUB,..,43.1693992614746,53.8095245361328,47.6190490722656,44.761905670166,44.2857131958008,43.8095245361328,44.761905670166,41.9047622680664,37.2641525268555,33.4905662536621,..
Government Effectiveness: Percentile Rank,GE.PER.RNK,Curacao,CUW,..,..,..,..,..,..,..,..,..,..,..,..
Government Effectiveness: Percentile Rank,GE.PER.RNK,Cyprus,CYP,..,84.1530075073242,80.476188659668,77.6190490722656,78.5714263916016,76.6666641235352,78.5714263916016,76.6666641235352,73.8095245361328,75.4716949462891,76.4150924682617,..
Government Effectiveness: Percentile Rank,GE.PER.RNK,Czechia,CZE,..,70.4918060302734,80.9523773193359,78.5714263916016,81.4285736083984,78.5714263916016,78.0952377319336,78.5714263916016,81.4285736083984,81.1320724487305,82.5471725463867,..
Government Effectiveness: Percentile Rank,GE.PER.RNK,Denmark,DNK,..,97.2677612304688,96.6666641235352,98.0952377319336,95.7142868041992,96.6666641235352,98.5714263916016,97.6190490722656,98.5714263916016,98.5849075317383,98.5849075317383,..
Government Effectiveness: Percentile Rank,GE.PER.RNK,Djibouti,DJI,..,20.218578338623,14.2857141494751,13.3333330154419,12.380952835083,15.2380952835083,19.5238094329834,21.4285717010498,19.0476188659668,22.6415100097656,25.4716987609863,..
Government Effectiveness: Percentile Rank,GE.PER.RNK,Dominica,DMA,..,80.3278656005859,62.8571434020996,60.476188659668,42.8571434020996,42.8571434020996,40,48.5714302062988,48.0952377319336,49.0566024780273,61.3207550048828,..
Government Effectiveness: Percentile Rank,GE.PER.RNK,Dominican Republic,DOM,..,39.3442611694336,37.6190490722656,40.9523811340332,38.0952377319336,38.5714302062988,38.0952377319336,41.9047622680664,51.9047622680664,50.4716987609863,56.6037750244141,..
Government Effectiveness: Percentile Rank,GE.PER.RNK,Ecuador,ECU,..,26.7759571075439,38.0952377319336,37.6190490722656,39.523811340332,41.4285697937012,37.6190490722656,34.2857131958008,42.3809509277344,40.5660362243652,32.5471687316895,..
Government Effectiveness: Percentile Rank,GE.PER.RNK,"Egypt, Arab Rep.",EGY,..,49.7267761230469,28.0952377319336,33.3333320617676,32.3809509277344,37.6190490722656,40.9523811340332,36.1904754638672,34.761905670166,34.4339637756348,41.9811325073242,..
Government Effectiveness: Percentile Rank,GE.PER.RNK,El Salvador,SLV,..,30.6010932922363,44.2857131958008,38.5714302062988,37.6190490722656,34.761905670166,34.2857131958008,42.8571434020996,38.0952377319336,39.1509437561035,53.7735862731934,..
Government Effectiveness: Percentile Rank,GE.PER.RNK,Equatorial Guinea,GNQ,..,12.5683059692383,11.9047622680664,10.4761905670166,11.4285717010498,10.4761905670166,13.8095235824585,10.4761905670166,11.4285717010498,9.90566062927246,9.90566062927246,..
Government Effectiveness: Percentile Rank,GE.PER.RNK,Eritrea,ERI,..,9.28961753845215,2.38095235824585,2.85714292526245,2.85714292526245,1.90476191043854,1.90476191043854,4.2857141494751,4.2857141494751,3.77358484268188,2.8301887512207,..
Government Effectiveness: Percentile Rank,GE.PER.RNK,Estonia,EST,..,75.9562835693359,81.9047622680664,81.9047622680664,82.8571395874023,83.3333358764648,84.7619018554688,87.6190490722656,88.5714263916016,89.6226425170898,88.6792449951172,..
Government Effectiveness: Percentile Rank,GE.PER.RNK,Eswatini,SWZ,..,30.0546455383301,33.8095245361328,32.8571434020996,33.8095245361328,25.7142848968506,28.5714282989502,22.8571434020996,25.7142848968506,23.1132068634033,19.3396224975586,..
Government Effectiveness: Percentile Rank,GE.PER.RNK,Ethiopia,ETH,..,6.01092910766602,26.6666660308838,25.7142848968506,21.4285717010498,26.6666660308838,27.619047164917,30.4761905670166,29.0476188659668,22.1698112487793,24.056604385376,..
Government Effectiveness: Percentile Rank,GE.PER.RNK,Faroe Islands,FRO,..,..,..,..,..,..,..,..,..,..,..,..
Government Effectiveness: Percentile Rank,GE.PER.RNK,Fiji,FJI,..,52.4590148925781,40.9523811340332,41.9047622680664,63.8095245361328,75.7142868041992,75.2380981445312,70.9523773193359,72.8571395874023,71.2264175415039,68.3962249755859,..
Government Effectiveness: Percentile Rank,GE.PER.RNK,Finland,FIN,..,99.4535522460938,98.0952377319336,99.0476226806641,99.0476226806641,99.523811340332,99.523811340332,98.5714263916016,98.0952377319336,96.698112487793,97.1698150634766,..
Government Effectiveness: Percentile Rank,GE.PER.RNK,France,FRA,..,90.163932800293,88.0952377319336,89.0476226806641,87.1428604125977,89.523811340332,88.0952377319336,85.7142868041992,85.2380981445312,83.0188674926758,83.0188674926758,..
Government Effectiveness: Percentile Rank,GE.PER.RNK,French Polynesia,PYF,..,..,..,..,..,..,..,..,..,..,..,..
Government Effectiveness: Percentile Rank,GE.PER.RNK,Gabon,GAB,..,38.2513656616211,22.380952835083,20.4761905670166,14.7619047164917,19.0476188659668,15.2380952835083,15.2380952835083,20,26.4150943756104,23.1132068634033,..
Government Effectiveness: Percentile Rank,GE.PER.RNK,"Gambia, The",GMB,..,35.5191268920898,16.1904754638672,17.1428565979004,23.3333339691162,22.8571434020996,23.8095245361328,20.4761905670166,27.1428565979004,27.3584899902344,29.7169818878174,..
Government Effectiveness: Percentile Rank,GE.PER.RNK,Georgia,GEO,..,38.7978134155273,64.2857131958008,67.6190490722656,68.5714263916016,71.4285736083984,75.7142868041992,74.7619018554688,70.9523773193359,72.6415100097656,77.8301849365234,..
Government Effectiveness: Percentile Rank,GE.PER.RNK,Germany,DEU,..,93.4426193237305,92.8571395874023,93.3333358764648,93.3333358764648,91.4285736083984,91.9047622680664,88.0952377319336,87.1428604125977,88.2075500488281,85.3773574829102,..
Government Effectiveness: Percentile Rank,GE.PER.RNK,Ghana,GHA,..,57.9234962463379,43.3333320617676,42.8571434020996,45.7142868041992,40.9523811340332,39.523811340332,45.238094329834,44.761905670166,48.113208770752,47.1698112487793,..
Government Effectiveness: Percentile Rank,GE.PER.RNK,Gibraltar,GIB,..,..,..,..,..,..,..,..,..,..,..,..
Government Effectiveness: Percentile Rank,GE.PER.RNK,Greece,GRC,..,69.9453582763672,59.0476188659668,58.5714302062988,64.2857131958008,62.8571434020996,64.7619018554688,67.1428604125977,66.6666641235352,66.9811325073242,57.5471687316895,..
Government Effectiveness: Percentile Rank,GE.PER.RNK,Greenland,GRL,..,..,75.2380981445312,75.2380981445312,77.1428604125977,76.1904754638672,76.1904754638672,75.7142868041992,74.7619018554688,75.9433975219727,77.3584899902344,..
Government Effectiveness: Percentile Rank,GE.PER.RNK,Grenada,GRD,..,73.7704925537109,47.1428565979004,48.0952377319336,47.6190490722656,45.238094329834,48.5714302062988,51.9047622680664,53.3333320617676,54.2452812194824,50.9433975219727,..
Government Effectiveness: Percentile Rank,GE.PER.RNK,Guam,GUM,..,..,68.5714263916016,63.3333320617676,63.8095245361328,60.9523811340332,61.4285697937012,72.8571395874023,72.3809509277344,74.5283050537109,73.1132049560547,..
Government Effectiveness: Percentile Rank,GE.PER.RNK,Guatemala,GTM,..,33.3333320617676,21.9047622680664,29.0476188659668,26.1904754638672,23.8095245361328,26.1904754638672,25.7142848968506,22.380952835083,16.5094337463379,18.3962268829346,..
Government Effectiveness: Percentile Rank,GE.PER.RNK,Guinea,GIN,..,21.3114757537842,11.4285717010498,12.8571424484253,13.3333330154419,14.2857141494751,18.0952377319336,16.6666660308838,14.7619047164917,16.0377349853516,16.9811325073242,..
Government Effectiveness: Percentile Rank,GE.PER.RNK,Guinea-Bissau,GNB,..,17.4863395690918,3.33333325386047,3.80952382087708,1.90476191043854,6.66666650772095,6.1904764175415,7.14285707473755,7.14285707473755,6.60377359390259,8.01886749267578,..
Government Effectiveness: Percentile Rank,GE.PER.RNK,Guyana,GUY,..,54.0983619689941,42.3809509277344,41.4285697937012,40.9523811340332,43.8095245361328,36.6666679382324,35.7142868041992,40.9523811340332,42.9245300292969,39.6226425170898,..
Government Effectiveness: Percentile Rank,GE.PER.RNK,Haiti,HTI,..,4.9180326461792,0.952380955219269,0.952380955219269,0.952380955219269,1.42857146263123,1.42857146263123,1.42857146263123,0.952380955219269,0.943396210670471,0.943396210670471,..
Government Effectiveness: Percentile Rank,GE.PER.RNK,Honduras,HND,..,32.7868843078613,19.5238094329834,22.8571434020996,31.9047622680664,30.9523811340332,30.4761905670166,28.5714282989502,19.5238094329834,19.3396224975586,22.6415100097656,..
Government Effectiveness: Percentile Rank,GE.PER.RNK,"Hong Kong SAR, China",HKG,..,86.8852462768555,99.0476226806641,95.7142868041992,97.1428604125977,97.6190490722656,96.1904754638672,94.2857131958008,93.3333358764648,95.7547149658203,92.9245300292969,..
Government Effectiveness: Percentile Rank,GE.PER.RNK,Hungary,HUN,..,81.9672164916992,70.9523773193359,68.5714263916016,68.0952377319336,68.0952377319336,68.0952377319336,70,70.476188659668,68.8679275512695,62.7358474731445,..
Government Effectiveness: Percentile Rank,GE.PER.RNK,Iceland,ISL,..,97.814208984375,89.523811340332,88.5714263916016,90,90,90.9523773193359,90.9523773193359,94.7619018554688,93.8679275512695,93.3962249755859,..
Government Effectiveness: Percentile Rank,GE.PER.RNK,India,IND,..,48.6338806152344,55.7142868041992,55.7142868041992,55.238094329834,63.3333320617676,59.0476188659668,65.7142868041992,60.9523811340332,63.2075462341309,67.9245300292969,..
Government Effectiveness: Percentile Rank,GE.PER.RNK,Indonesia,IDN,..,43.7158470153809,42.8571434020996,50,53.3333320617676,59.0476188659668,59.523811340332,63.8095245361328,64.2857131958008,66.0377349853516,69.8113174438477,..
Government Effectiveness: Percentile Rank,GE.PER.RNK,"Iran, Islamic Rep.",IRN,..,37.7049179077148,45.7142868041992,43.8095245361328,43.3333320617676,35.7142868041992,31.9047622680664,14.2857141494751,17.1428565979004,18.3962268829346,14.1509437561035,..
Government Effectiveness: Percentile Rank,GE.PER.RNK,Iraq,IRQ,..,1.09289622306824,10.4761905670166,9.0476188659668,9.5238094329834,9.0476188659668,8.5714282989502,8.5714282989502,9.0476188659668,9.43396186828613,8.49056625366211,..
Government Effectiveness: Percentile Rank,GE.PER.RNK,Ireland,IRL,..,89.0710372924805,90.9523773193359,88.0952377319336,86.1904754638672,89.0476226806641,85.7142868041992,90,91.4285736083984,93.3962249755859,94.3396224975586,..
Government Effectiveness: Percentile Rank,GE.PER.RNK,Isle of Man,IMN,..,..,..,..,..,..,..,..,..,..,..,..
Government Effectiveness: Percentile Rank,GE.PER.RNK,Israel,ISR,..,83.606559753418,86.6666641235352,87.1428604125977,89.0476226806641,84.7619018554688,86.6666641235352,82.3809509277344,86.6666641235352,85.3773574829102,83.4905624389648,..
Government Effectiveness: Percentile Rank,GE.PER.RNK,Italy,ITA,..,77.0491790771484,70.476188659668,71.9047622680664,69.0476226806641,67.6190490722656,68.5714263916016,65.2380981445312,63.8095245361328,67.4528274536133,70.2830200195312,..
Government Effectiveness: Percentile Rank,GE.PER.RNK,Jamaica,JAM,..,55.7377052307129,65.2380981445312,69.0476226806641,72.3809509277344,72.8571395874023,71.9047622680664,69.523811340332,65.7142868041992,71.698112487793,66.0377349853516,..
Government Effectiveness: Percentile Rank,GE.PER.RNK,Japan,JPN,..,85.792350769043,96.1904754638672,95.2380981445312,92.3809509277344,93.8095245361328,92.8571395874023,92.3809509277344,89.0476226806641,96.2264175415039,96.698112487793,..
Government Effectiveness: Percentile Rank,GE.PER.RNK,Jordan,JOR,..,56.2841529846191,57.1428565979004,58.0952377319336,55.7142868041992,56.1904754638672,55.238094329834,54.761905670166,58.0952377319336,59.9056587219238,64.6226425170898,..
Government Effectiveness: Percentile Rank,GE.PER.RNK,Kazakhstan,KAZ,..,24.5901641845703,48.0952377319336,47.1428565979004,50,50.9523811340332,54.761905670166,55.7142868041992,54.761905670166,58.4905662536621,57.0754699707031,..
Government Effectiveness: Percentile Rank,GE.PER.RNK,Kenya,KEN,..,31.1475410461426,38.5714302062988,37.1428565979004,37.1428565979004,34.2857131958008,35.7142868041992,38.0952377319336,38.5714302062988,38.6792449951172,38.6792449951172,..
Government Effectiveness: Percentile Rank,GE.PER.RNK,Kiribati,KIR,..,..,39.523811340332,40.476188659668,49.523811340332,50,50,57.1428565979004,56.6666679382324,58.9622650146484,46.2264137268066,..
Government Effectiveness: Percentile Rank,GE.PER.RNK,"Korea, Dem. People's Rep.",PRK,..,2.7322404384613,2.85714292526245,4.7619047164917,3.80952382087708,5.2380952835083,7.14285707473755,6.66666650772095,6.1904764175415,7.07547187805176,7.07547187805176,..
Government Effectiveness: Percentile Rank,GE.PER.RNK,"Korea, Rep.",KOR,..,71.0382537841797,79.523811340332,80,80.9523773193359,82.8571395874023,87.6190490722656,89.0476226806641,90,90.0943374633789,90.5660400390625,..
Government Effectiveness: Percentile Rank,GE.PER.RNK,Kosovo,XKX,..,..,36.1904754638672,36.1904754638672,35.238094329834,38.0952377319336,37.1428565979004,39.0476188659668,41.4285697937012,44.3396224975586,47.6415100097656,..
Government Effectiveness: Percentile Rank,GE.PER.RNK,Kuwait,KWT,..,53.5519142150879,50.476188659668,44.761905670166,43.8095245361328,48.5714302062988,51.4285697937012,45.7142868041992,49.523811340332,57.5471687316895,51.4150924682617,..
Government Effectiveness: Percentile Rank,GE.PER.RNK,Kyrgyz Republic,KGZ,..,39.8907089233398,16.6666660308838,15.7142858505249,22.8571434020996,29.0476188659668,25.7142848968506,31.4285717010498,22.8571434020996,17.4528293609619,18.8679237365723,..
Government Effectiveness: Percentile Rank,GE.PER.RNK,Lao PDR,LAO,..,30.0546455383301,32.8571434020996,36.6666679382324,35.7142868041992,23.3333339691162,20,23.3333339691162,30.9523811340332,30.6603775024414,28.301887512207,..
Government Effectiveness: Percentile Rank,GE.PER.RNK,Latvia,LVA,..,60.6557388305664,82.3809509277344,78.0952377319336,77.6190490722656,79.523811340332,82.3809509277344,76.1904754638672,76.6666641235352,75,74.0566024780273,..
Government Effectiveness: Percentile Rank,GE.PER.RNK,Lebanon,LBN,..,57.3770484924316,37.1428565979004,34.761905670166,34.2857131958008,25.238094329834,20.4761905670166,10.9523811340332,10,7.54716968536377,6.13207530975342,..
Government Effectiveness: Percentile Rank,GE.PER.RNK,Lesotho,LSO,..,52.4590148925781,22.8571434020996,19.5238094329834,18.5714282989502,17.1428565979004,16.1904754638672,16.1904754638672,15.2380952835083,17.9245281219482,16.5094337463379,..
Government Effectiveness: Percentile Rank,GE.PER.RNK,Liberia,LBR,..,2.7322404384613,7.14285707473755,7.14285707473755,8.09523773193359,8.09523773193359,7.61904764175415,7.61904764175415,8.09523773193359,8.01886749267578,8.96226406097412,..
Government Effectiveness: Percentile Rank,GE.PER.RNK,Libya,LBY,..,12.021858215332,5.7142858505249,3.33333325386047,5.2380952835083,3.80952382087708,2.85714292526245,2.38095235824585,3.80952382087708,2.35849046707153,5.18867921829224,..
Government Effectiveness: Percentile Rank,GE.PER.RNK,Liechtenstein,LIE,..,89.6174850463867,92.3809509277344,93.8095245361328,94.7619018554688,95.2380981445312,94.2857131958008,96.1904754638672,91.9047622680664,91.9811325073242,96.2264175415039,..
Government Effectiveness: Percentile Rank,GE.PER.RNK,Lithuania,LTU,..,59.5628433227539,84.2857131958008,80.476188659668,79.0476226806641,80.476188659668,80.476188659668,81.4285736083984,80.9523773193359,79.7169799804688,81.6037750244141,..
Government Effectiveness: Percentile Rank,GE.PER.RNK,Luxembourg,LUX,..,96.7213134765625,93.8095245361328,92.8571395874023,93.8095245361328,95.7142868041992,95.2380981445312,96.6666641235352,95.7142868041992,97.6415100097656,98.1132049560547,..
Government Effectiveness: Percentile Rank,GE.PER.RNK,"Macao SAR, China",MAC,..,73.7704925537109,87.6190490722656,84.2857131958008,88.5714263916016,84.2857131958008,83.8095245361328,83.8095245361328,82.8571395874023,82.0754699707031,82.0754699707031,..
Government Effectiveness: Percentile Rank,GE.PER.RNK,Madagascar,MDG,..,32.2404365539551,7.61904764175415,9.5238094329834,10.4761905670166,9.5238094329834,10,13.3333330154419,13.3333330154419,14.6226415634155,13.6792449951172,..
Government Effectiveness: Percentile Rank,GE.PER.RNK,Malawi,MWI,..,44.8087425231934,25.238094329834,21.9047622680664,23.8095245361328,20.4761905670166,20.9523811340332,19.5238094329834,21.9047622680664,19.8113212585449,19.8113212585449,..
Government Effectiveness: Percentile Rank,GE.PER.RNK,Malaysia,MYS,..,81.420768737793,76.1904754638672,75.7142868041992,74.7619018554688,81.9047622680664,79.0476226806641,81.9047622680664,80.476188659668,79.2452850341797,79.7169799804688,..
Government Effectiveness: Percentile Rank,GE.PER.RNK,Maldives,MDV,..,80.3278656005859,46.1904754638672,46.1904754638672,36.6666679382324,36.1904754638672,44.2857131958008,50,67.6190490722656,47.6415100097656,45.2830200195312,..
Government Effectiveness: Percentile Rank,GE.PER.RNK,Mali,MLI,..,14.2076501846313,17.619047164917,14.2857141494751,15.7142858505249,13.8095235824585,12.8571424484253,11.4285717010498,10.9523811340332,12.2641506195068,12.7358493804932,..
Government Effectiveness: Percentile Rank,GE.PER.RNK,Malta,MLT,..,83.0601119995117,74.7619018554688,77.1428604125977,80,78.0952377319336,76.6666641235352,80.9523773193359,77.1428604125977,76.8867950439453,65.5660400390625,..
Government Effectiveness: Percentile Rank,GE.PER.RNK,Marshall Islands,MHL,..,..,43.8095245361328,45.238094329834,46.1904754638672,46.1904754638672,45.238094329834,56.6666679382324,53.8095245361328,60.8490562438965,54.7169799804688,..
Government Effectiveness: Percentile Rank,GE.PER.RNK,Mauritania,MRT,..,52.4590148925781,13.8095235824585,20,20.9523811340332,19.5238094329834,30.9523811340332,17.619047164917,23.3333339691162,25.4716987609863,24.5283012390137,..
Government Effectiveness: Percentile Rank,GE.PER.RNK,Mauritius,MUS,..,67.7595596313477,83.3333358764648,79.523811340332,79.523811340332,77.1428604125977,77.1428604125977,77.1428604125977,76.1904754638672,76.4150924682617,75,..
Government Effectiveness: Percentile Rank,GE.PER.RNK,Mexico,MEX,..,62.2950820922852,57.6190490722656,54.761905670166,50.476188659668,42.3809509277344,39.0476188659668,42.3809509277344,37.6190490722656,41.9811325073242,43.3962249755859,..
Government Effectiveness: Percentile Rank,GE.PER.RNK,"Micronesia, Fed. Sts.",FSM,..,..,46.6666679382324,50.476188659668,66.6666641235352,59.523811340332,56.6666679382324,64.7619018554688,61.9047622680664,64.1509399414062,59.4339637756348,..
Government Effectiveness: Percentile Rank,GE.PER.RNK,Moldova,MDA,..,34.9726791381836,26.1904754638672,27.619047164917,30.9523811340332,33.8095245361328,36.1904754638672,33.8095245361328,36.1904754638672,41.0377349853516,44.3396224975586,..
Government Effectiveness: Percentile Rank,GE.PER.RNK,Monaco,MCO,..,..,95.7142868041992,96.6666641235352,98.0952377319336,98.5714263916016,98.0952377319336,99.523811340332,99.523811340332,99.0566024780273,99.0566024780273,..
Government Effectiveness: Percentile Rank,GE.PER.RNK,Mongolia,MNG,..,45.9016380310059,35.7142868041992,48.5714302062988,41.4285697937012,44.761905670166,41.4285697937012,37.1428565979004,33.3333320617676,34.9056587219238,33.9622650146484,..
Government Effectiveness: Percentile Rank,GE.PER.RNK,Montenegro,MNE,..,..,60.476188659668,59.0476188659668,60,55.7142868041992,58.0952377319336,49.523811340332,51.4285697937012,51.4150924682617,59.9056587219238,..
Government Effectiveness: Percentile Rank,GE.PER.RNK,Morocco,MAR,..,57.3770484924316,47.6190490722656,45.7142868041992,40.476188659668,39.0476188659668,40.476188659668,46.6666679382324,45.7142868041992,49.5283012390137,50,..
Government Effectiveness: Percentile Rank,GE.PER.RNK,Mozambique,MOZ,..,36.0655746459961,20.9523811340332,16.6666660308838,16.6666660308838,15.7142858505249,15.7142858505249,20,20.9523811340332,25,25.943395614624,..
Government Effectiveness: Percentile Rank,GE.PER.RNK,Myanmar,MMR,..,6.01092910766602,8.09523773193359,14.7619047164917,12.8571424484253,12.8571424484253,10.4761905670166,14.7619047164917,7.61904764175415,5.66037750244141,3.77358484268188,..
Government Effectiveness: Percentile Rank,GE.PER.RNK,Namibia,NAM,..,63.3879776000977,65.7142868041992,60.9523811340332,61.9047622680664,57.6190490722656,57.6190490722656,53.8095245361328,55.7142868041992,57.0754699707031,52.8301887512207,..
Government Effectiveness: Percentile Rank,GE.PER.RNK,Nauru,NRU,..,..,49.0476188659668,49.0476188659668,51.4285697937012,63.8095245361328,52.3809509277344,57.6190490722656,56.1904754638672,60.3773574829102,48.5849075317383,..
Government Effectiveness: Percentile Rank,GE.PER.RNK,Nepal,NPL,..,42.0765037536621,12.380952835083,19.0476188659668,17.619047164917,16.1904754638672,13.3333330154419,15.7142858505249,15.7142858505249,15.5660381317139,21.698112487793,..
Government Effectiveness: Percentile Rank,GE.PER.RNK,Netherlands,NLD,..,98.9071044921875,97.1428604125977,97.6190490722656,96.1904754638672,96.1904754638672,96.6666641235352,97.1428604125977,96.1904754638672,95.2830200195312,95.7547149658203,..
Government Effectiveness: Percentile Rank,GE.PER.RNK,New Caledonia,NCL,..,..,..,..,..,..,..,..,..,..,..,..
Government Effectiveness: Percentile Rank,GE.PER.RNK,New Zealand,NZL,..,88.5245895385742,98.5714263916016,97.1428604125977,95.2380981445312,93.3333358764648,93.8095245361328,91.4285736083984,88.0952377319336,89.1509399414062,92.4528274536133,..
Government Effectiveness: Percentile Rank,GE.PER.RNK,Nicaragua,NIC,..,28.4153003692627,19.0476188659668,23.8095245361328,27.619047164917,20,22.8571434020996,27.1428565979004,17.619047164917,13.6792449951172,13.2075471878052,..
Government Effectiveness: Percentile Rank,GE.PER.RNK,Niger,NER,..,10.382513999939,25.7142848968506,27.1428565979004,21.9047622680664,18.5714282989502,19.0476188659668,28.0952377319336,30.4761905670166,28.7735843658447,28.7735843658447,..
Government Effectiveness: Percentile Rank,GE.PER.RNK,Nigeria,NGA,..,16.9398899078369,15.2380952835083,11.4285717010498,13.8095235824585,11.9047622680664,9.5238094329834,11.9047622680664,13.8095235824585,13.2075471878052,20.2830181121826,..
Government Effectiveness: Percentile Rank,GE.PER.RNK,North Macedonia,MKD,..,21.8579235076904,51.4285697937012,51.9047622680664,53.8095245361328,53.3333320617676,47.6190490722656,52.8571434020996,47.1428565979004,50,49.0566024780273,..
Government Effectiveness: Percentile Rank,GE.PER.RNK,Northern Mariana Islands,MNP,..,..,..,..,..,..,..,..,..,..,..,..
Government Effectiveness: Percentile Rank,GE.PER.RNK,Norway,NOR,..,93.9890747070312,97.6190490722656,98.5714263916016,98.5714263916016,97.1428604125977,97.1428604125977,98.0952377319336,97.6190490722656,98.1132049560547,97.6415100097656,..
Government Effectiveness: Percentile Rank,GE.PER.RNK,Oman,OMN,..,63.3879776000977,54.761905670166,59.523811340332,58.0952377319336,58.5714302062988,60.476188659668,55.238094329834,46.6666679382324,53.7735862731934,62.2641525268555,..
Government Effectiveness: Percentile Rank,GE.PER.RNK,Pakistan,PAK,..,37.7049179077148,27.1428565979004,26.6666660308838,29.5238094329834,27.1428565979004,26.6666660308838,32.3809509277344,35.7142868041992,29.2452831268311,30.6603775024414,..
Government Effectiveness: Percentile Rank,GE.PER.RNK,Palau,PLW,..,..,58.5714302062988,61.4285697937012,62.8571434020996,61.4285697937012,61.9047622680664,66.1904754638672,65.2380981445312,67.9245300292969,67.4528274536133,..
Government Effectiveness: Percentile Rank,GE.PER.RNK,Panama,PAN,..,61.2021865844727,64.7619018554688,60,54.761905670166,52.3809509277344,57.1428565979004,58.0952377319336,57.1428565979004,46.698112487793,42.9245300292969,..
Government Effectiveness: Percentile Rank,GE.PER.RNK,Papua New Guinea,PNG,..,44.2622947692871,31.4285717010498,25.238094329834,28.0952377319336,27.619047164917,21.4285717010498,18.0952377319336,16.6666660308838,21.698112487793,22.1698112487793,..
Government Effectiveness: Percentile Rank,GE.PER.RNK,Paraguay,PRY,..,14.7540979385376,14.7619047164917,21.4285717010498,20,31.9047622680664,32.3809509277344,32.8571434020996,27.619047164917,29.7169818878174,34.4339637756348,..
Government Effectiveness: Percentile Rank,GE.PER.RNK,Peru,PER,..,49.1803283691406,40,42.3809509277344,44.2857131958008,40.476188659668,46.6666679382324,40.476188659668,39.523811340332,35.3773574829102,33.0188674926758,..
Government Effectiveness: Percentile Rank,GE.PER.RNK,Philippines,PHL,..,48.0874328613281,60,54.2857131958008,52.3809509277344,53.8095245361328,54.2857131958008,54.2857131958008,55.238094329834,55.6603775024414,58.0188674926758,..
Government Effectiveness: Percentile Rank,GE.PER.RNK,Poland,POL,..,69.3989105224609,74.2857131958008,72.3809509277344,71.9047622680664,71.9047622680664,70.476188659668,64.2857131958008,61.4285697937012,61.7924537658691,66.5094375610352,..
Government Effectiveness: Percentile Rank,GE.PER.RNK,Portugal,PRT,..,80.8743133544922,85.2380981445312,84.7619018554688,86.6666641235352,85.2380981445312,84.2857131958008,80.476188659668,80,80.1886825561523,80.1886825561523,..
Government Effectiveness: Percentile Rank,GE.PER.RNK,Puerto Rico (US),PRI,..,85.2459030151367,66.6666641235352,66.1904754638672,48.5714302062988,45.7142868041992,43.3333320617676,40,39.0476188659668,33.4905662536621,35.8490562438965,..
Government Effectiveness: Percentile Rank,GE.PER.RNK,Qatar,QAT,..,67.2131118774414,77.6190490722656,73.8095245361328,74.2857131958008,73.8095245361328,73.8095245361328,78.0952377319336,81.9047622680664,82.5471725463867,85.8490600585938,..
Government Effectiveness: Percentile Rank,GE.PER.RNK,Romania,ROU,..,46.9945373535156,56.6666679382324,49.523811340332,49.0476188659668,46.6666679382324,42.8571434020996,41.4285697937012,46.1904754638672,52.3584899902344,46.698112487793,..
Government Effectiveness: Percentile Rank,GE.PER.RNK,Russian Federation,RUS,..,27.8688526153564,41.4285697937012,39.523811340332,45.238094329834,49.0476188659668,52.8571434020996,49.0476188659668,43.3333320617676,25.943395614624,26.4150943756104,..
Government Effectiveness: Percentile Rank,GE.PER.RNK,Rwanda,RWA,..,9.28961753845215,48.5714302062988,53.8095245361328,60.476188659668,54.761905670166,56.1904754638672,61.4285697937012,60,61.3207550048828,65.0943374633789,..
Government Effectiveness: Percentile Rank,GE.PER.RNK,Samoa,WSM,..,65.0273208618164,72.3809509277344,73.3333358764648,73.8095245361328,73.3333358764648,67.1428604125977,70.476188659668,66.1904754638672,62.2641525268555,68.8679275512695,..
Government Effectiveness: Percentile Rank,GE.PER.RNK,San Marino,SMR,..,..,90,91.9047622680664,92.8571395874023,92.8571395874023,93.3333358764648,95.7142868041992,97.1428604125977,97.1698150634766,87.2641525268555,..
Government Effectiveness: Percentile Rank,GE.PER.RNK,Sao Tome and Principe,STP,..,42.0765037536621,20,22.380952835083,19.5238094329834,21.4285717010498,24.2857151031494,25.238094329834,24.761905670166,21.2264156341553,17.9245281219482,..
Government Effectiveness: Percentile Rank,GE.PER.RNK,Saudi Arabia,SAU,..,47.5409851074219,59.523811340332,61.9047622680664,60.9523811340332,64.2857131958008,63.8095245361328,56.1904754638672,68.0952377319336,70.7547149658203,78.7735824584961,..
Government Effectiveness: Percentile Rank,GE.PER.RNK,Senegal,SEN,..,50.2732238769531,35.238094329834,34.2857131958008,38.5714302062988,40,45.7142868041992,50.9523811340332,54.2857131958008,54.7169799804688,54.2452812194824,..
Government Effectiveness: Percentile Rank,GE.PER.RNK,Serbia,SRB,..,22.4043712615967,53.3333320617676,50.9523811340332,56.6666679382324,54.2857131958008,51.9047622680664,51.4285697937012,52.8571434020996,56.6037750244141,51.886791229248,..
Government Effectiveness: Percentile Rank,GE.PER.RNK,Seychelles,SYC,..,73.7704925537109,71.9047622680664,71.4285736083984,69.523811340332,74.2857131958008,72.8571395874023,73.8095245361328,77.6190490722656,73.1132049560547,70.7547149658203,..
Government Effectiveness: Percentile Rank,GE.PER.RNK,Sierra Leone,SLE,..,3.27868843078613,8.5714282989502,10,10,10.9523811340332,10.9523811340332,12.8571424484253,11.9047622680664,11.3207550048828,12.2641506195068,..
Government Effectiveness: Percentile Rank,GE.PER.RNK,Singapore,SGP,..,100,100,100,100,100,100,100,100,100,100,..
Government Effectiveness: Percentile Rank,GE.PER.RNK,Sint Maarten (Dutch part),SXM,..,..,..,..,..,..,..,..,..,..,..,..
Government Effectiveness: Percentile Rank,GE.PER.RNK,Slovak Republic,SVK,..,74.8633880615234,73.8095245361328,74.7619018554688,73.3333358764648,72.3809509277344,71.4285736083984,69.0476226806641,68.5714263916016,63.6792449951172,58.9622650146484,..
Government Effectiveness: Percentile Rank,GE.PER.RNK,Slovenia,SVN,..,75.4098358154297,77.1428604125977,82.8571395874023,83.8095245361328,82.3809509277344,81.9047622680664,84.7619018554688,83.8095245361328,80.6603775024414,81.1320724487305,..
Government Effectiveness: Percentile Rank,GE.PER.RNK,Solomon Islands,SLB,..,..,15.7142858505249,17.619047164917,18.0952377319336,17.619047164917,16.6666660308838,26.6666660308838,18.5714282989502,26.8867931365967,25,..
Government Effectiveness: Percentile Rank,GE.PER.RNK,Somalia,SOM,..,0.546448111534119,0,0.476190477609634,0.476190477609634,0.952380955219269,0.952380955219269,0.952380955219269,1.42857146263123,1.41509437561035,1.88679242134094,..
Government Effectiveness: Percentile Rank,GE.PER.RNK,South Africa,ZAF,..,74.3169403076172,56.1904754638672,57.1428565979004,56.1904754638672,56.6666679382324,58.5714302062988,53.3333320617676,50,47.1698112487793,40.5660362243652,..
Government Effectiveness: Percentile Rank,GE.PER.RNK,South Sudan,SSD,..,..,0.476190477609634,0,0,0,0,0.476190477609634,0,0,0,..
Government Effectiveness: Percentile Rank,GE.PER.RNK,Spain,ESP,..,91.2568283081055,84.7619018554688,83.3333358764648,80.476188659668,79.0476226806641,79.523811340332,77.6190490722656,78.0952377319336,77.8301849365234,76.8867950439453,..
Government Effectiveness: Percentile Rank,GE.PER.RNK,Sri Lanka,LKA,..,45.3551902770996,52.8571434020996,52.3809509277344,46.6666679382324,43.3333320617676,47.1428565979004,50.476188659668,49.0476188659668,35.8490562438965,41.0377349853516,..
Government Effectiveness: Percentile Rank,GE.PER.RNK,St. Kitts and Nevis,KNA,..,..,61.9047622680664,63.3333320617676,70.476188659668,69.523811340332,70,72.8571395874023,64.7619018554688,64.6226425170898,63.6792449951172,..
Government Effectiveness: Percentile Rank,GE.PER.RNK,St. Lucia,LCA,..,..,51.9047622680664,56.6666679382324,66.1904754638672,65.7142868041992,65.7142868041992,63.3333320617676,48.0952377319336,49.0566024780273,55.6603775024414,..
Government Effectiveness: Percentile Rank,GE.PER.RNK,St. Martin (French part),MAF,..,..,..,..,..,..,..,..,..,..,..,..
Government Effectiveness: Percentile Rank,GE.PER.RNK,St. Vincent and the Grenadines,VCT,..,..,58.0952377319336,67.1428604125977,66.1904754638672,65.7142868041992,65.7142868041992,63.3333320617676,62.3809509277344,62.7358474731445,55.6603775024414,..
Government Effectiveness: Percentile Rank,GE.PER.RNK,Sudan,SDN,..,19.1256828308105,5.2380952835083,5.7142858505249,6.1904764175415,4.7619047164917,4.7619047164917,5.7142858505249,5.7142858505249,5.18867921829224,2.35849046707153,..
Government Effectiveness: Percentile Rank,GE.PER.RNK,Suriname,SUR,..,53.0054626464844,39.0476188659668,38.0952377319336,28.5714282989502,24.761905670166,29.5238094329834,30.9523811340332,26.6666660308838,15.0943393707275,16.0377349853516,..
Government Effectiveness: Percentile Rank,GE.PER.RNK,Sweden,SWE,..,95.62841796875,93.3333358764648,94.2857131958008,94.2857131958008,94.2857131958008,94.7619018554688,94.7619018554688,95.2380981445312,94.8113174438477,94.8113174438477,..
Government Effectiveness: Percentile Rank,GE.PER.RNK,Switzerland,CHE,..,98.3606567382812,99.523811340332,99.523811340332,99.523811340332,99.0476226806641,99.0476226806641,99.0476226806641,99.0476226806641,99.5283050537109,99.5283050537109,..
Government Effectiveness: Percentile Rank,GE.PER.RNK,Syrian Arab Republic,SYR,..,19.1256828308105,4.7619047164917,1.90476191043854,2.38095235824585,3.33333325386047,3.80952382087708,2.85714292526245,2.85714292526245,2.8301887512207,3.30188679695129,..
Government Effectiveness: Percentile Rank,GE.PER.RNK,Tajikistan,TJK,..,9.28961753845215,18.5714282989502,12.380952835083,10.9523811340332,11.4285717010498,12.380952835083,21.9047622680664,30,24.5283012390137,23.5849056243896,..
Government Effectiveness: Percentile Rank,GE.PER.RNK,Tanzania,TZA,..,33.8797798156738,29.5238094329834,31.9047622680664,26.6666660308838,21.9047622680664,18.5714282989502,23.8095245361328,29.5238094329834,33.9622650146484,34.9056587219238,..
Government Effectiveness: Percentile Rank,GE.PER.RNK,Thailand,THA,..,60.1092910766602,63.3333320617676,64.2857131958008,64.7619018554688,61.9047622680664,63.3333320617676,60.9523811340332,59.0476188659668,58.0188674926758,58.4905662536621,..
Government Effectiveness: Percentile Rank,GE.PER.RNK,Timor-Leste,TLS,..,..,12.8571424484253,13.8095235824585,15.2380952835083,16.6666660308838,17.619047164917,22.380952835083,25.238094329834,23.5849056243896,20.7547168731689,..
Government Effectiveness: Percentile Rank,GE.PER.RNK,Togo,TGO,..,14.2076501846313,10,11.9047622680664,11.9047622680664,12.380952835083,14.7619047164917,24.2857151031494,26.1904754638672,27.8301887512207,30.1886787414551,..
Government Effectiveness: Percentile Rank,GE.PER.RNK,Tonga,TON,..,..,40.476188659668,39.0476188659668,41.9047622680664,60,60.9523811340332,61.9047622680664,62.8571434020996,45.2830200195312,45.7547187805176,..
Government Effectiveness: Percentile Rank,GE.PER.RNK,Trinidad and Tobago,TTO,..,68.3060073852539,63.8095245361328,64.7619018554688,62.3809509277344,60.476188659668,55.7142868041992,59.0476188659668,57.6190490722656,51.886791229248,49.5283012390137,..
Government Effectiveness: Percentile Rank,GE.PER.RNK,Tunisia,TUN,..,65.5737686157227,49.523811340332,44.2857131958008,50.9523811340332,51.9047622680664,50.476188659668,46.1904754638672,43.8095245361328,43.3962249755859,39.1509437561035,..
Government Effectiveness: Percentile Rank,GE.PER.RNK,Turkiye,TUR,..,55.1912574768066,62.3809509277344,53.3333320617676,54.2857131958008,49.523811340332,50.9523811340332,47.1428565979004,48.5714302062988,43.8679237365723,41.5094337463379,..
Government Effectiveness: Percentile Rank,GE.PER.RNK,Turkmenistan,TKM,..,9.28961753845215,31.9047622680664,18.5714282989502,14.2857141494751,13.3333330154419,14.2857141494751,13.8095235824585,14.2857141494751,11.7924528121948,10.8490562438965,..
Government Effectiveness: Percentile Rank,GE.PER.RNK,Turks and Caicos Islands,TCA,..,..,..,..,..,..,..,..,..,..,..,..
Government Effectiveness: Percentile Rank,GE.PER.RNK,Tuvalu,TUV,..,..,17.1428565979004,18.0952377319336,25.238094329834,32.8571434020996,33.8095245361328,36.6666679382324,36.6666679382324,40.0943412780762,35.3773574829102,..
Government Effectiveness: Percentile Rank,GE.PER.RNK,Uganda,UGA,..,37.7049179077148,32.3809509277344,30.4761905670166,30,24.2857151031494,28.0952377319336,29.0476188659668,31.4285717010498,30.1886787414551,31.6037731170654,..
Government Effectiveness: Percentile Rank,GE.PER.RNK,Ukraine,UKR,..,27.3224048614502,33.3333320617676,31.4285717010498,33.3333320617676,37.1428565979004,38.5714302062988,37.6190490722656,35.238094329834,33.0188674926758,37.7358474731445,..
Government Effectiveness: Percentile Rank,GE.PER.RNK,United Arab Emirates,ARE,..,77.5956268310547,90.476188659668,90,89.523811340332,90.476188659668,89.0476226806641,87.1428604125977,89.523811340332,88.6792449951172,95.2830200195312,..
Government Effectiveness: Percentile Rank,GE.PER.RNK,United Kingdom,GBR,..,92.8961715698242,94.2857131958008,92.3809509277344,90.476188659668,88.5714263916016,90,88.5714263916016,85.7142868041992,85.8490600585938,84.4339599609375,..
Government Effectiveness: Percentile Rank,GE.PER.RNK,United States,USA,..,91.8032760620117,88.5714263916016,90.476188659668,91.9047622680664,91.9047622680664,90.476188659668,86.6666641235352,87.6190490722656,87.2641525268555,87.7358474731445,..
Government Effectiveness: Percentile Rank,GE.PER.RNK,Uruguay,URY,..,66.1202163696289,69.523811340332,70.9523773193359,67.1428604125977,70.476188659668,73.3333358764648,75.2380981445312,75.2380981445312,77.3584899902344,79.2452850341797,..
Government Effectiveness: Percentile Rank,GE.PER.RNK,Uzbekistan,UZB,..,15.3005466461182,23.3333339691162,28.5714282989502,30.4761905670166,31.4285717010498,31.4285717010498,29.5238094329834,40.476188659668,38.2075462341309,40.0943412780762,..
Government Effectiveness: Percentile Rank,GE.PER.RNK,Vanuatu,VUT,..,..,21.4285717010498,16.1904754638672,16.1904754638672,36.6666679382324,34.761905670166,38.5714302062988,31.9047622680664,32.0754699707031,31.1320762634277,..
Government Effectiveness: Percentile Rank,GE.PER.RNK,"Venezuela, RB",VEN,..,26.2295074462891,10.9523811340332,8.09523773193359,6.66666650772095,4.2857141494751,4.2857141494751,1.90476191043854,1.90476191043854,4.71698093414307,5.66037750244141,..
Government Effectiveness: Percentile Rank,GE.PER.RNK,Viet Nam,VNM,..,42.6229515075684,55.238094329834,52.8571434020996,52.8571434020996,51.4285697937012,53.3333320617676,59.523811340332,60.476188659668,59.4339637756348,56.1320762634277,..
Government Effectiveness: Percentile Rank,GE.PER.RNK,Virgin Islands (U.S.),VIR,..,..,85.7142868041992,86.6666641235352,75.7142868041992,75.7142868041992,75.2380981445312,72.8571395874023,72.3809509277344,74.5283050537109,73.1132049560547,..
Government Effectiveness: Percentile Rank,GE.PER.RNK,West Bank and Gaza,PSE,..,9.28961753845215,34.2857131958008,28.0952377319336,34.761905670166,20.9523811340332,23.3333339691162,27.619047164917,21.4285717010498,16.9811325073242,10.3773584365845,..
Government Effectiveness: Percentile Rank,GE.PER.RNK,"Yemen, Rep.",YEM,..,23.4972686767578,1.90476191043854,1.42857146263123,1.42857146263123,0.476190477609634,0.476190477609634,0,0.476190477609634,0.471698105335236,0.471698105335236,..
Government Effectiveness: Percentile Rank,GE.PER.RNK,Zambia,ZMB,..,10.9289617538452,30,24.2857151031494,24.2857151031494,28.0952377319336,25.238094329834,19.0476188659668,18.0952377319336,28.301887512207,27.8301887512207,..
Government Effectiveness: Percentile Rank,GE.PER.RNK,Zimbabwe,ZWE,..,25.1366119384766,9.0476188659668,8.5714282989502,8.5714282989502,8.5714282989502,9.0476188659668,8.09523773193359,10.4761905670166,10.8490562438965,11.7924528121948,..
Government Effectiveness: Percentile Rank,GE.PER.RNK,Africa Eastern and Southern,AFE,..,..,..,..,..,..,..,..,..,..,..,..
Government Effectiveness: Percentile Rank,GE.PER.RNK,Africa Western and Central,AFW,..,..,..,..,..,..,..,..,..,..,..,..
Government Effectiveness: Percentile Rank,GE.PER.RNK,Arab World,ARB,..,..,..,..,..,..,..,..,..,..,..,..
Government Effectiveness: Percentile Rank,GE.PER.RNK,Caribbean small states,CSS,..,..,..,..,..,..,..,..,..,..,..,..
Government Effectiveness: Percentile Rank,GE.PER.RNK,Central Europe and the Baltics,CEB,..,..,..,..,..,..,..,..,..,..,..,..
Government Effectiveness: Percentile Rank,GE.PER.RNK,Early-demographic dividend,EAR,..,..,..,..,..,..,..,..,..,..,..,..
Government Effectiveness: Percentile Rank,GE.PER.RNK,East Asia & Pacific,EAS,..,..,..,..,..,..,..,..,..,..,..,..
Government Effectiveness: Percentile Rank,GE.PER.RNK,East Asia & Pacific (excluding high income),EAP,..,..,..,..,..,..,..,..,..,..,..,..
Government Effectiveness: Percentile Rank,GE.PER.RNK,East Asia & Pacific (IDA & IBRD countries),TEA,..,..,..,..,..,..,..,..,..,..,..,..
Government Effectiveness: Percentile Rank,GE.PER.RNK,Euro area,EMU,..,..,..,..,..,..,..,..,..,..,..,..
Government Effectiveness: Percentile Rank,GE.PER.RNK,Europe & Central Asia,ECS,..,..,..,..,..,..,..,..,..,..,..,..
Government Effectiveness: Percentile Rank,GE.PER.RNK,Europe & Central Asia (excluding high income),ECA,..,..,..,..,..,..,..,..,..,..,..,..
Government Effectiveness: Percentile Rank,GE.PER.RNK,Europe & Central Asia (IDA & IBRD countries),TEC,..,..,..,..,..,..,..,..,..,..,..,..
Government Effectiveness: Percentile Rank,GE.PER.RNK,European Union,EUU,..,..,..,..,..,..,..,..,..,..,..,..
Government Effectiveness: Percentile Rank,GE.PER.RNK,Fragile and conflict affected situations,FCS,..,..,..,..,..,..,..,..,..,..,..,..
Government Effectiveness: Percentile Rank,GE.PER.RNK,Heavily indebted poor countries (HIPC),HPC,..,..,..,..,..,..,..,..,..,..,..,..
Government Effectiveness: Percentile Rank,GE.PER.RNK,High income,HIC,..,..,..,..,..,..,..,..,..,..,..,..
Government Effectiveness: Percentile Rank,GE.PER.RNK,IBRD only,IBD,..,..,..,..,..,..,..,..,..,..,..,..
Government Effectiveness: Percentile Rank,GE.PER.RNK,IDA & IBRD total,IBT,..,..,..,..,..,..,..,..,..,..,..,..
Government Effectiveness: Percentile Rank,GE.PER.RNK,IDA blend,IDB,..,..,..,..,..,..,..,..,..,..,..,..
Government Effectiveness: Percentile Rank,GE.PER.RNK,IDA only,IDX,..,..,..,..,..,..,..,..,..,..,..,..
Government Effectiveness: Percentile Rank,GE.PER.RNK,IDA total,IDA,..,..,..,..,..,..,..,..,..,..,..,..
Government Effectiveness: Percentile Rank,GE.PER.RNK,Late-demographic dividend,LTE,..,..,..,..,..,..,..,..,..,..,..,..
Government Effectiveness: Percentile Rank,GE.PER.RNK,Latin America & Caribbean,LCN,..,..,..,..,..,..,..,..,..,..,..,..
Government Effectiveness: Percentile Rank,GE.PER.RNK,Latin America & Caribbean (excluding high income),LAC,..,..,..,..,..,..,..,..,..,..,..,..
Government Effectiveness: Percentile Rank,GE.PER.RNK,Latin America & the Caribbean (IDA & IBRD countries),TLA,..,..,..,..,..,..,..,..,..,..,..,..
Government Effectiveness: Percentile Rank,GE.PER.RNK,Least developed countries: UN classification,LDC,..,..,..,..,..,..,..,..,..,..,..,..
Government Effectiveness: Percentile Rank,GE.PER.RNK,Low & middle income,LMY,..,..,..,..,..,..,..,..,..,..,..,..
Government Effectiveness: Percentile Rank,GE.PER.RNK,Low income,LIC,..,..,..,..,..,..,..,..,..,..,..,..
Government Effectiveness: Percentile Rank,GE.PER.RNK,Lower middle income,LMC,..,..,..,..,..,..,..,..,..,..,..,..
Government Effectiveness: Percentile Rank,GE.PER.RNK,"Middle East, North Africa, Afghanistan & Pakistan",MEA,..,..,..,..,..,..,..,..,..,..,..,..
Government Effectiveness: Percentile Rank,GE.PER.RNK,"Middle East, North Africa, Afghanistan & Pakistan (excluding high income)",MNA,..,..,..,..,..,..,..,..,..,..,..,..
Government Effectiveness: Percentile Rank,GE.PER.RNK,"Middle East, North Africa, Afghanistan & Pakistan (IDA & IBRD)",TMN,..,..,..,..,..,..,..,..,..,..,..,..
Government Effectiveness: Percentile Rank,GE.PER.RNK,Middle income,MIC,..,..,..,..,..,..,..,..,..,..,..,..
Government Effectiveness: Percentile Rank,GE.PER.RNK,North America,NAC,..,..,..,..,..,..,..,..,..,..,..,..
Government Effectiveness: Percentile Rank,GE.PER.RNK,Not classified,INX,..,..,..,..,..,..,..,..,..,..,..,..
Government Effectiveness: Percentile Rank,GE.PER.RNK,OECD members,OED,..,..,..,..,..,..,..,..,..,..,..,..
Government Effectiveness: Percentile Rank,GE.PER.RNK,Other small states,OSS,..,..,..,..,..,..,..,..,..,..,..,..
Government Effectiveness: Percentile Rank,GE.PER.RNK,Pacific island small states,PSS,..,..,..,..,..,..,..,..,..,..,..,..
Government Effectiveness: Percentile Rank,GE.PER.RNK,Post-demographic dividend,PST,..,..,..,..,..,..,..,..,..,..,..,..
Government Effectiveness: Percentile Rank,GE.PER.RNK,Pre-demographic dividend,PRE,..,..,..,..,..,..,..,..,..,..,..,..
Government Effectiveness: Percentile Rank,GE.PER.RNK,Small states,SST,..,..,..,..,..,..,..,..,..,..,..,..
Government Effectiveness: Percentile Rank,GE.PER.RNK,South Asia,SAS,..,..,..,..,..,..,..,..,..,..,..,..
Government Effectiveness: Percentile Rank,GE.PER.RNK,South Asia (IDA & IBRD),TSA,..,..,..,..,..,..,..,..,..,..,..,..
Government Effectiveness: Percentile Rank,GE.PER.RNK,Sub-Saharan Africa,SSF,..,..,..,..,..,..,..,..,..,..,..,..
Government Effectiveness: Percentile Rank,GE.PER.RNK,Sub-Saharan Africa (excluding high income),SSA,..,..,..,..,..,..,..,..,..,..,..,..
Government Effectiveness: Percentile Rank,GE.PER.RNK,Sub-Saharan Africa (IDA & IBRD countries),TSS,..,..,..,..,..,..,..,..,..,..,..,..
Government Effectiveness: Percentile Rank,GE.PER.RNK,Upper middle income,UMC,..,..,..,..,..,..,..,..,..,..,..,..
Government Effectiveness: Percentile Rank,GE.PER.RNK,World,WLD,..,..,..,..,..,..,..,..,..,..,..,..
,,,,,,,,,,,,,,,
,,,,,,,,,,,,,,,
,,,,,,,,,,,,,,,
Data from database: World Development Indicators,,,,,,,,,,,,,,,
Last Updated: 07/01/2025,,,,,,,,,,,,,,,
